{"v":"5.12.1","fr":60,"ip":0,"op":80,"w":1080,"h":1080,"nm":"Loader 2","ddd":0,"assets":[],"layers":[{"ddd":0,"ind":1,"ty":4,"nm":"Shape Layer 4","sr":1,"ks":{"o":{"a":0,"k":100,"ix":11},"r":{"a":0,"k":0,"ix":10},"p":{"a":0,"k":[540,540,0],"ix":2,"l":2},"a":{"a":0,"k":[22.635,-9.701,0],"ix":1,"l":2},"s":{"a":0,"k":[100,100,100],"ix":6,"l":2}},"ao":0,"shapes":[{"ty":"gr","it":[{"d":1,"ty":"el","s":{"a":0,"k":[556.168,556.168],"ix":2},"p":{"a":0,"k":[0,0],"ix":3},"nm":"Ellipse Path 1","mn":"ADBE Vector Shape - Ellipse","hd":false,"_render":true},{"ty":"st","c":{"a":0,"k":[0.0118,0.1569,0.2902,1],"ix":3},"o":{"a":0,"k":100,"ix":4},"w":{"a":0,"k":73,"ix":5},"lc":2,"lj":1,"ml":4,"bm":0,"nm":"Stroke 1","mn":"ADBE Vector Graphic - Stroke","hd":false,"_render":true},{"ty":"tr","p":{"a":0,"k":[22.635,-9.701],"ix":2},"a":{"a":0,"k":[0,0],"ix":1},"s":{"a":0,"k":[100,100],"ix":3},"r":{"a":0,"k":0,"ix":6},"o":{"a":0,"k":100,"ix":7},"sk":{"a":0,"k":0,"ix":4},"sa":{"a":0,"k":0,"ix":5},"nm":"Transform","_render":true}],"nm":"Ellipse 1","np":3,"cix":2,"bm":0,"ix":1,"mn":"ADBE Vector Group","hd":false,"_render":true},{"ty":"tm","s":{"a":0,"k":0,"ix":1},"e":{"a":1,"k":[{"i":{"x":[0.5],"y":[1]},"o":{"x":[0.5],"y":[0]},"t":0,"s":[0.1]},{"i":{"x":[0.5],"y":[1]},"o":{"x":[0.5],"y":[0]},"t":41,"s":[15]},{"t":80,"s":[0.1]}],"ix":2,"x":"var $bm_rt;\n$bm_rt = loopOutDuration('cycle', 0);"},"o":{"a":1,"k":[{"i":{"x":[0.326],"y":[0.628]},"o":{"x":[0.668],"y":[0.366]},"t":0,"s":[0]},{"t":80,"s":[360]}],"ix":3,"x":"var $bm_rt;\n$bm_rt = loopOutDuration('cycle', 0);"},"m":1,"ix":2,"nm":"Trim Paths 1","mn":"ADBE Vector Filter - Trim","hd":false,"_render":true}],"ip":0,"op":4800,"st":0,"ct":1,"bm":0,"completed":true},{"ddd":0,"ind":2,"ty":4,"nm":"Shape Layer 3","sr":1,"ks":{"o":{"a":0,"k":100,"ix":11},"r":{"a":0,"k":0,"ix":10},"p":{"a":0,"k":[540,540,0],"ix":2,"l":2},"a":{"a":0,"k":[22.635,-9.701,0],"ix":1,"l":2},"s":{"a":0,"k":[100,100,100],"ix":6,"l":2}},"ao":0,"shapes":[{"ty":"gr","it":[{"d":1,"ty":"el","s":{"a":0,"k":[556.168,556.168],"ix":2},"p":{"a":0,"k":[0,0],"ix":3},"nm":"Ellipse Path 1","mn":"ADBE Vector Shape - Ellipse","hd":false,"_render":true},{"ty":"st","c":{"a":0,"k":[0.0118,0.1569,0.2902,1],"ix":3},"o":{"a":0,"k":100,"ix":4},"w":{"a":0,"k":73,"ix":5},"lc":2,"lj":1,"ml":4,"bm":0,"nm":"Stroke 1","mn":"ADBE Vector Graphic - Stroke","hd":false,"_render":true},{"ty":"tr","p":{"a":0,"k":[22.635,-9.701],"ix":2},"a":{"a":0,"k":[0,0],"ix":1},"s":{"a":0,"k":[100,100],"ix":3},"r":{"a":0,"k":0,"ix":6},"o":{"a":0,"k":100,"ix":7},"sk":{"a":0,"k":0,"ix":4},"sa":{"a":0,"k":0,"ix":5},"nm":"Transform","_render":true}],"nm":"Ellipse 1","np":3,"cix":2,"bm":0,"ix":1,"mn":"ADBE Vector Group","hd":false,"_render":true},{"ty":"tm","s":{"a":0,"k":0,"ix":1},"e":{"a":1,"k":[{"i":{"x":[0.5],"y":[1]},"o":{"x":[0.5],"y":[0]},"t":-18,"s":[0.1]},{"i":{"x":[0.5],"y":[1]},"o":{"x":[0.5],"y":[0]},"t":23,"s":[15]},{"t":62,"s":[0.1]}],"ix":2,"x":"var $bm_rt;\n$bm_rt = loopOutDuration('cycle', 0);"},"o":{"a":1,"k":[{"i":{"x":[0.326],"y":[0.628]},"o":{"x":[0.668],"y":[0.366]},"t":-18,"s":[0]},{"t":62,"s":[360]}],"ix":3,"x":"var $bm_rt;\n$bm_rt = loopOutDuration('cycle', 0);"},"m":1,"ix":2,"nm":"Trim Paths 1","mn":"ADBE Vector Filter - Trim","hd":false,"_render":true}],"ip":-18,"op":4782,"st":-18,"ct":1,"bm":0,"completed":true},{"ddd":0,"ind":3,"ty":4,"nm":"Shape Layer 2","sr":1,"ks":{"o":{"a":0,"k":100,"ix":11},"r":{"a":0,"k":0,"ix":10},"p":{"a":0,"k":[540,540,0],"ix":2,"l":2},"a":{"a":0,"k":[22.635,-9.701,0],"ix":1,"l":2},"s":{"a":0,"k":[100,100,100],"ix":6,"l":2}},"ao":0,"shapes":[{"ty":"gr","it":[{"d":1,"ty":"el","s":{"a":0,"k":[556.168,556.168],"ix":2},"p":{"a":0,"k":[0,0],"ix":3},"nm":"Ellipse Path 1","mn":"ADBE Vector Shape - Ellipse","hd":false,"_render":true},{"ty":"st","c":{"a":0,"k":[0.0118,0.1569,0.2902,1],"ix":3},"o":{"a":0,"k":100,"ix":4},"w":{"a":0,"k":73,"ix":5},"lc":2,"lj":1,"ml":4,"bm":0,"nm":"Stroke 1","mn":"ADBE Vector Graphic - Stroke","hd":false,"_render":true},{"ty":"tr","p":{"a":0,"k":[22.635,-9.701],"ix":2},"a":{"a":0,"k":[0,0],"ix":1},"s":{"a":0,"k":[100,100],"ix":3},"r":{"a":0,"k":0,"ix":6},"o":{"a":0,"k":100,"ix":7},"sk":{"a":0,"k":0,"ix":4},"sa":{"a":0,"k":0,"ix":5},"nm":"Transform","_render":true}],"nm":"Ellipse 1","np":3,"cix":2,"bm":0,"ix":1,"mn":"ADBE Vector Group","hd":false,"_render":true},{"ty":"tm","s":{"a":0,"k":0,"ix":1},"e":{"a":1,"k":[{"i":{"x":[0.5],"y":[1]},"o":{"x":[0.5],"y":[0]},"t":-36,"s":[0.1]},{"i":{"x":[0.5],"y":[1]},"o":{"x":[0.5],"y":[0]},"t":5,"s":[15]},{"t":44,"s":[0.1]}],"ix":2,"x":"var $bm_rt;\n$bm_rt = loopOutDuration('cycle', 0);"},"o":{"a":1,"k":[{"i":{"x":[0.326],"y":[0.628]},"o":{"x":[0.668],"y":[0.366]},"t":-36,"s":[0]},{"t":44,"s":[360]}],"ix":3,"x":"var $bm_rt;\n$bm_rt = loopOutDuration('cycle', 0);"},"m":1,"ix":2,"nm":"Trim Paths 1","mn":"ADBE Vector Filter - Trim","hd":false,"_render":true}],"ip":-36,"op":4764,"st":-36,"ct":1,"bm":0,"completed":true},{"ddd":0,"ind":4,"ty":4,"nm":"Shape Layer 1","sr":1,"ks":{"o":{"a":0,"k":100,"ix":11},"r":{"a":0,"k":0,"ix":10},"p":{"a":0,"k":[540,540,0],"ix":2,"l":2},"a":{"a":0,"k":[22.635,-9.701,0],"ix":1,"l":2},"s":{"a":0,"k":[100,100,100],"ix":6,"l":2}},"ao":0,"shapes":[{"ty":"gr","it":[{"d":1,"ty":"el","s":{"a":0,"k":[556.168,556.168],"ix":2},"p":{"a":0,"k":[0,0],"ix":3},"nm":"Ellipse Path 1","mn":"ADBE Vector Shape - Ellipse","hd":false,"_render":true},{"ty":"st","c":{"a":0,"k":[0.0118,0.1569,0.2902,1],"ix":3},"o":{"a":0,"k":100,"ix":4},"w":{"a":0,"k":73,"ix":5},"lc":2,"lj":1,"ml":4,"bm":0,"nm":"Stroke 1","mn":"ADBE Vector Graphic - Stroke","hd":false,"_render":true},{"ty":"tr","p":{"a":0,"k":[22.635,-9.701],"ix":2},"a":{"a":0,"k":[0,0],"ix":1},"s":{"a":0,"k":[100,100],"ix":3},"r":{"a":0,"k":0,"ix":6},"o":{"a":0,"k":100,"ix":7},"sk":{"a":0,"k":0,"ix":4},"sa":{"a":0,"k":0,"ix":5},"nm":"Transform","_render":true}],"nm":"Ellipse 1","np":3,"cix":2,"bm":0,"ix":1,"mn":"ADBE Vector Group","hd":false,"_render":true},{"ty":"tm","s":{"a":0,"k":0,"ix":1},"e":{"a":1,"k":[{"i":{"x":[0.5],"y":[1]},"o":{"x":[0.5],"y":[0]},"t":-54,"s":[0.1]},{"i":{"x":[0.5],"y":[1]},"o":{"x":[0.5],"y":[0]},"t":-13,"s":[15]},{"t":26,"s":[0.1]}],"ix":2,"x":"var $bm_rt;\n$bm_rt = loopOutDuration('cycle', 0);"},"o":{"a":1,"k":[{"i":{"x":[0.326],"y":[0.628]},"o":{"x":[0.668],"y":[0.366]},"t":-54,"s":[0]},{"t":26,"s":[360]}],"ix":3,"x":"var $bm_rt;\n$bm_rt = loopOutDuration('cycle', 0);"},"m":1,"ix":2,"nm":"Trim Paths 1","mn":"ADBE Vector Filter - Trim","hd":false,"_render":true}],"ip":-54,"op":4746,"st":-54,"ct":1,"bm":0,"completed":true}],"markers":[],"props":{},"__complete":true}