{"v":"4.8.0","meta":{"g":"LottieFiles AE 1.0.0","a":"","k":"","d":"","tc":"#ffffff"},"fr":30,"ip":0,"op":300,"w":200,"h":132,"nm":"Forgot password A","ddd":0,"assets":[],"layers":[{"ddd":0,"ind":1,"ty":4,"nm":"Layer 1","sr":1,"ks":{"o":{"a":0,"k":100,"ix":11},"r":{"a":0,"k":0,"ix":10},"p":{"a":0,"k":[115.5,66,0],"ix":2},"a":{"a":0,"k":[402.446,146.849,0],"ix":1},"s":{"a":0,"k":[100,100,100],"ix":6}},"ao":0,"shapes":[{"ty":"gr","it":[{"ind":0,"ty":"sh","ix":1,"ks":{"a":0,"k":{"i":[[-2.783,6.275],[-4.893,4.753],[-2.852,1.152],[-6.589,-0.54],[-5.794,-3.025],[-1.781,-2.195],[-1.331,-6.275],[1.331,-6.275],[1.781,-2.16],[5.758,-3.025],[6.589,-0.535],[2.854,1.156],[4.895,4.755],[2.785,6.275],[0.018,3.197]],"o":[[-2.783,6.275],[-4.893,4.753],[-2.852,1.152],[-6.589,-0.54],[-5.794,-3.025],[-1.781,-2.195],[-1.331,-6.275],[1.331,-6.275],[1.781,-2.16],[5.758,-3.025],[6.589,-0.535],[2.854,1.156],[4.895,4.755],[2.785,6.275],[0.018,3.197]],"v":[[-2.783,6.275],[-4.893,4.753],[-2.852,1.152],[-6.589,-0.54],[-5.794,-3.025],[-1.781,-2.195],[-1.331,-6.275],[1.331,-6.275],[1.781,-2.16],[5.758,-3.025],[6.589,-0.535],[2.854,1.156],[4.895,4.755],[2.785,6.275],[0.018,3.197]],"c":true},"ix":2},"nm":"Path 1","mn":"ADBE Vector Shape - Group","hd":false},{"ty":"fl","c":{"a":0,"k":[0.3984,0.4827,0.5616,1],"ix":4},"o":{"a":0,"k":100,"ix":5},"r":1,"bm":0,"nm":"Fill 1","mn":"ADBE Vector Graphic - Fill","hd":false},{"ty":"tr","p":{"a":0,"k":[442.446,146.849],"ix":2},"a":{"a":0,"k":[0,0],"ix":1},"s":{"a":1,"k":[{"i":{"x":[0.37,0.37],"y":[1,1]},"o":{"x":[0.63,0.63],"y":[0,0]},"t":74.99,"s":[0,0]},{"t":100.990234375,"s":[100,100]}],"ix":3},"r":{"a":0,"k":0,"ix":6},"o":{"a":0,"k":100,"ix":7},"sk":{"a":0,"k":0,"ix":4},"sa":{"a":0,"k":0,"ix":5},"nm":"Transform"}],"nm":"Path 2721","np":2,"cix":2,"bm":0,"ix":1,"mn":"ADBE Vector Group","hd":false},{"ty":"gr","it":[{"ind":0,"ty":"sh","ix":1,"ks":{"a":0,"k":{"i":[[-2.783,6.275],[-4.893,4.753],[-2.852,1.152],[-6.589,-0.54],[-5.794,-3.025],[-1.781,-2.195],[-1.331,-6.275],[1.331,-6.275],[1.781,-2.16],[5.758,-3.025],[6.589,-0.535],[2.854,1.156],[4.895,4.755],[2.785,6.275],[0.018,3.197]],"o":[[-2.783,6.275],[-4.893,4.753],[-2.852,1.152],[-6.589,-0.54],[-5.794,-3.025],[-1.781,-2.195],[-1.331,-6.275],[1.331,-6.275],[1.781,-2.16],[5.758,-3.025],[6.589,-0.535],[2.854,1.156],[4.895,4.755],[2.785,6.275],[0.018,3.197]],"v":[[-2.783,6.275],[-4.893,4.753],[-2.852,1.152],[-6.589,-0.54],[-5.794,-3.025],[-1.781,-2.195],[-1.331,-6.275],[1.331,-6.275],[1.781,-2.16],[5.758,-3.025],[6.589,-0.535],[2.854,1.156],[4.895,4.755],[2.785,6.275],[0.018,3.197]],"c":true},"ix":2},"nm":"Path 1","mn":"ADBE Vector Shape - Group","hd":false},{"ty":"fl","c":{"a":0,"k":[0.3984,0.4827,0.5616,1],"ix":4},"o":{"a":0,"k":100,"ix":5},"r":1,"bm":0,"nm":"Fill 1","mn":"ADBE Vector Graphic - Fill","hd":false},{"ty":"tr","p":{"a":0,"k":[422.446,146.849],"ix":2},"a":{"a":0,"k":[0,0],"ix":1},"s":{"a":1,"k":[{"i":{"x":[0.37,0.37],"y":[1,1]},"o":{"x":[0.63,0.63],"y":[0,0]},"t":68.75,"s":[0,0]},{"t":94.75,"s":[100,100]}],"ix":3},"r":{"a":0,"k":0,"ix":6},"o":{"a":0,"k":100,"ix":7},"sk":{"a":0,"k":0,"ix":4},"sa":{"a":0,"k":0,"ix":5},"nm":"Transform"}],"nm":"Path 2720","np":2,"cix":2,"bm":0,"ix":2,"mn":"ADBE Vector Group","hd":false},{"ty":"gr","it":[{"ind":0,"ty":"sh","ix":1,"ks":{"a":0,"k":{"i":[[-2.783,6.275],[-4.893,4.753],[-2.852,1.152],[-6.589,-0.54],[-5.794,-3.025],[-1.781,-2.195],[-1.331,-6.275],[1.331,-6.275],[1.781,-2.16],[5.758,-3.025],[6.589,-0.535],[2.854,1.156],[4.895,4.755],[2.785,6.275],[0.018,3.197]],"o":[[-2.783,6.275],[-4.893,4.753],[-2.852,1.152],[-6.589,-0.54],[-5.794,-3.025],[-1.781,-2.195],[-1.331,-6.275],[1.331,-6.275],[1.781,-2.16],[5.758,-3.025],[6.589,-0.535],[2.854,1.156],[4.895,4.755],[2.785,6.275],[0.018,3.197]],"v":[[-2.783,6.275],[-4.893,4.753],[-2.852,1.152],[-6.589,-0.54],[-5.794,-3.025],[-1.781,-2.195],[-1.331,-6.275],[1.331,-6.275],[1.781,-2.16],[5.758,-3.025],[6.589,-0.535],[2.854,1.156],[4.895,4.755],[2.785,6.275],[0.018,3.197]],"c":true},"ix":2},"nm":"Path 1","mn":"ADBE Vector Shape - Group","hd":false},{"ty":"fl","c":{"a":0,"k":[0.3984,0.4827,0.5616,1],"ix":4},"o":{"a":0,"k":100,"ix":5},"r":1,"bm":0,"nm":"Fill 1","mn":"ADBE Vector Graphic - Fill","hd":false},{"ty":"tr","p":{"a":0,"k":[402.446,146.849],"ix":2},"a":{"a":0,"k":[0,0],"ix":1},"s":{"a":1,"k":[{"i":{"x":[0.37,0.37],"y":[1,1]},"o":{"x":[0.63,0.63],"y":[0,0]},"t":62.5,"s":[0,0]},{"t":88.5009765625,"s":[100,100]}],"ix":3},"r":{"a":0,"k":0,"ix":6},"o":{"a":0,"k":100,"ix":7},"sk":{"a":0,"k":0,"ix":4},"sa":{"a":0,"k":0,"ix":5},"nm":"Transform"}],"nm":"Path 2719","np":2,"cix":2,"bm":0,"ix":3,"mn":"ADBE Vector Group","hd":false},{"ty":"gr","it":[{"ind":0,"ty":"sh","ix":1,"ks":{"a":0,"k":{"i":[[-2.783,6.275],[-4.893,4.753],[-2.852,1.152],[-6.589,-0.54],[-5.794,-3.025],[-1.781,-2.195],[-1.331,-6.275],[1.331,-6.275],[1.781,-2.16],[5.758,-3.025],[6.589,-0.535],[2.854,1.156],[4.895,4.755],[2.785,6.275],[0.018,3.197]],"o":[[-2.783,6.275],[-4.893,4.753],[-2.852,1.152],[-6.589,-0.54],[-5.794,-3.025],[-1.781,-2.195],[-1.331,-6.275],[1.331,-6.275],[1.781,-2.16],[5.758,-3.025],[6.589,-0.535],[2.854,1.156],[4.895,4.755],[2.785,6.275],[0.018,3.197]],"v":[[-2.783,6.275],[-4.893,4.753],[-2.852,1.152],[-6.589,-0.54],[-5.794,-3.025],[-1.781,-2.195],[-1.331,-6.275],[1.331,-6.275],[1.781,-2.16],[5.758,-3.025],[6.589,-0.535],[2.854,1.156],[4.895,4.755],[2.785,6.275],[0.018,3.197]],"c":true},"ix":2},"nm":"Path 1","mn":"ADBE Vector Shape - Group","hd":false},{"ty":"fl","c":{"a":0,"k":[0.3984,0.4827,0.5616,1],"ix":4},"o":{"a":0,"k":100,"ix":5},"r":1,"bm":0,"nm":"Fill 1","mn":"ADBE Vector Graphic - Fill","hd":false},{"ty":"tr","p":{"a":0,"k":[382.446,146.849],"ix":2},"a":{"a":0,"k":[0,0],"ix":1},"s":{"a":1,"k":[{"i":{"x":[0.37,0.37],"y":[1,1]},"o":{"x":[0.63,0.63],"y":[0,0]},"t":56.251,"s":[0,0]},{"t":82.25,"s":[100,100]}],"ix":3},"r":{"a":0,"k":0,"ix":6},"o":{"a":0,"k":100,"ix":7},"sk":{"a":0,"k":0,"ix":4},"sa":{"a":0,"k":0,"ix":5},"nm":"Transform"}],"nm":"Path 2718","np":2,"cix":2,"bm":0,"ix":4,"mn":"ADBE Vector Group","hd":false},{"ty":"gr","it":[{"ind":0,"ty":"sh","ix":1,"ks":{"a":0,"k":{"i":[[-2.783,6.275],[-4.893,4.753],[-2.852,1.152],[-6.589,-0.54],[-5.794,-3.025],[-1.781,-2.195],[-1.331,-6.275],[1.331,-6.275],[1.781,-2.16],[5.758,-3.025],[6.589,-0.535],[2.854,1.156],[4.895,4.755],[2.785,6.275],[0.018,3.197]],"o":[[-2.783,6.275],[-4.893,4.753],[-2.852,1.152],[-6.589,-0.54],[-5.794,-3.025],[-1.781,-2.195],[-1.331,-6.275],[1.331,-6.275],[1.781,-2.16],[5.758,-3.025],[6.589,-0.535],[2.854,1.156],[4.895,4.755],[2.785,6.275],[0.018,3.197]],"v":[[-2.783,6.275],[-4.893,4.753],[-2.852,1.152],[-6.589,-0.54],[-5.794,-3.025],[-1.781,-2.195],[-1.331,-6.275],[1.331,-6.275],[1.781,-2.16],[5.758,-3.025],[6.589,-0.535],[2.854,1.156],[4.895,4.755],[2.785,6.275],[0.018,3.197]],"c":true},"ix":2},"nm":"Path 1","mn":"ADBE Vector Shape - Group","hd":false},{"ty":"fl","c":{"a":0,"k":[0.3984,0.4827,0.5616,1],"ix":4},"o":{"a":0,"k":100,"ix":5},"r":1,"bm":0,"nm":"Fill 1","mn":"ADBE Vector Graphic - Fill","hd":false},{"ty":"tr","p":{"a":0,"k":[362.446,146.849],"ix":2},"a":{"a":0,"k":[0,0],"ix":1},"s":{"a":1,"k":[{"i":{"x":[0.37,0.37],"y":[1,1]},"o":{"x":[0.63,0.63],"y":[0,0]},"t":50,"s":[0,0]},{"t":76,"s":[100,100]}],"ix":3},"r":{"a":0,"k":0,"ix":6},"o":{"a":0,"k":100,"ix":7},"sk":{"a":0,"k":0,"ix":4},"sa":{"a":0,"k":0,"ix":5},"nm":"Transform"}],"nm":"Path 2717","np":2,"cix":2,"bm":0,"ix":5,"mn":"ADBE Vector Group","hd":false}],"ip":14,"op":8268,"st":14,"bm":0,"completed":true},{"ddd":0,"ind":2,"ty":4,"nm":"ic lock 24px","sr":1,"ks":{"o":{"a":0,"k":100,"ix":11},"r":{"a":0,"k":0,"ix":10},"p":{"a":0,"k":[48.5,66.25,0],"ix":2},"a":{"a":0,"k":[0,0,0],"ix":1},"s":{"a":1,"k":[{"i":{"x":[0.32,0.32,0.32],"y":[1,1,1]},"o":{"x":[0.68,0.68,0.68],"y":[0,0,0]},"t":37,"s":[0,0,100]},{"t":58,"s":[100,100,100]}],"ix":6}},"ao":0,"shapes":[{"ty":"gr","it":[{"ind":0,"ty":"sh","ix":1,"ks":{"a":0,"k":{"i":[[2.201,-2.485],[-2.199,-2.485],[-2.199,-3.906],[-1.2140000000000002,-6.106],[2.201,-5.121]],"o":[[2.201,-2.485],[-2.199,-2.485],[-2.199,-5.121],[1.216,-6.106],[2.201,-3.906]],"v":[[2.201,-2.485],[-2.199,-2.485],[-2.199,-3.906],[0.001,-6.106],[2.201,-3.906]],"c":true},"ix":2},"nm":"Path 1","mn":"ADBE Vector Shape - Group","hd":false},{"ind":1,"ty":"sh","ix":2,"ks":{"a":0,"k":{"i":[[0.001,3.906],[-1.419,3.2700000000000005],[-0.783,1.066],[1.421,1.7020000000000002],[0.784,3.903]],"o":[[-0.783,3.906],[-1.419,1.7020000000000002],[0.785,1.066],[1.4180000000000001,3.269],[0.001,3.905]],"v":[[0.001,3.906],[-1.419,2.486],[0.001,1.066],[1.421,2.486],[0.001,3.905]],"c":true},"ix":2},"nm":"Path 2","mn":"ADBE Vector Shape - Group","hd":false},{"ind":2,"ty":"sh","ix":3,"ks":{"a":0,"k":{"i":[[5.043,-2.483],[3.551,-2.485],[3.551,-3.906],[1.961,-7.455],[-3.549,-5.866],[-3.549,-2.486],[-4.26,-2.486],[-5.678,-1.849],[-5.68,6.035],[-5.043,7.453],[4.26,7.455],[5.678,6.8180000000000005],[5.68,-1.065]],"o":[[4.26,-2.485],[3.551,-2.485],[3.551,-5.867],[-1.96,-7.455],[-3.549,-3.906],[-3.549,-2.486],[-5.044,-2.4840000000000004],[-5.68,-1.065],[-5.678,6.8180000000000005],[-4.26,7.455],[5.043,7.453],[5.68,6.035],[5.678,-1.8479999999999999]],"v":[[4.26,-2.485],[3.551,-2.485],[3.551,-3.906],[0,-7.455],[-3.549,-3.906],[-3.549,-2.486],[-4.26,-2.486],[-5.68,-1.065],[-5.68,6.035],[-4.26,7.455],[4.26,7.455],[5.68,6.035],[5.68,-1.065]],"c":true},"ix":2},"nm":"Path 3","mn":"ADBE Vector Shape - Group","hd":false},{"ty":"fl","c":{"a":0,"k":[0,0.2583,0.5,1],"ix":4},"o":{"a":0,"k":100,"ix":5},"r":1,"bm":0,"nm":"Fill 1","mn":"ADBE Vector Graphic - Fill","hd":false},{"ty":"tr","p":{"a":0,"k":[0,0],"ix":2},"a":{"a":0,"k":[0,0],"ix":1},"s":{"a":0,"k":[100,100],"ix":3},"r":{"a":0,"k":0,"ix":6},"o":{"a":0,"k":100,"ix":7},"sk":{"a":0,"k":0,"ix":4},"sa":{"a":0,"k":0,"ix":5},"nm":"Transform"}],"nm":"ic lock 24px","np":4,"cix":2,"bm":0,"ix":1,"mn":"ADBE Vector Group","hd":false}],"ip":19,"op":8268,"st":19,"bm":0,"completed":true},{"ddd":0,"ind":3,"ty":4,"nm":"Group 8283","sr":1,"ks":{"o":{"a":0,"k":100,"ix":11},"r":{"a":0,"k":0,"ix":10},"p":{"a":0,"k":[76.677,52.371,0],"ix":2},"a":{"a":0,"k":[370.729,133.064,0],"ix":1},"s":{"a":1,"k":[{"i":{"x":[0.32,0.32,0.32],"y":[1,1,1]},"o":{"x":[0.68,0.68,0.68],"y":[0,0,0]},"t":13.001,"s":[0,0,100]},{"t":34,"s":[100,100,100]}],"ix":6}},"ao":0,"shapes":[{"ty":"gr","it":[{"ty":"gr","it":[{"ind":0,"ty":"sh","ix":1,"ks":{"a":0,"k":{"i":[[-67.381,-13.5],[66,-13.5],[68.5,-12.381],[68.5,11],[67.381,13.5],[-66,13.5],[-68.5,12.381],[-68.5,-11]],"o":[[-66,-13.5],[67.381,-13.5],[68.5,-11],[68.5,12.381],[66,13.5],[-67.381,13.5],[-68.5,11],[-68.5,-12.381]],"v":[[-66,-13.5],[66,-13.5],[68.5,-11],[68.5,11],[66,13.5],[-66,13.5],[-68.5,11],[-68.5,-11]],"c":true},"ix":2},"nm":"Path 1","mn":"ADBE Vector Shape - Group","hd":false,"_render":true},{"ty":"st","c":{"a":0,"k":[0.8992,0.9104,0.9208,1],"ix":3},"o":{"a":0,"k":100,"ix":4},"w":{"a":0,"k":1,"ix":5},"lc":1,"lj":1,"ml":4,"bm":0,"nm":"Stroke 1","mn":"ADBE Vector Graphic - Stroke","hd":false,"_render":true},{"ty":"tr","p":{"a":0,"k":[395.357,147.39],"ix":2},"a":{"a":0,"k":[0,0],"ix":1},"s":{"a":0,"k":[100,100],"ix":3},"r":{"a":0,"k":0,"ix":6},"o":{"a":0,"k":100,"ix":7},"sk":{"a":0,"k":0,"ix":4},"sa":{"a":0,"k":0,"ix":5},"nm":"Transform","_render":true}],"nm":"Group 1","np":2,"cix":2,"bm":0,"ix":1,"mn":"ADBE Vector Group","hd":false,"_render":true},{"ty":"gr","it":[{"ind":0,"ty":"sh","ix":1,"ks":{"a":0,"k":{"i":[[-67.657,-14],[66,-14],[69,-12.657],[69,11],[67.657,14],[-66,14],[-69,12.657],[-69,-11]],"o":[[-66,-14],[67.657,-14],[69,-11],[69,12.657],[66,14],[-67.657,14],[-69,11],[-69,-12.657]],"v":[[-66,-14],[66,-14],[69,-11],[69,11],[66,14],[-66,14],[-69,11],[-69,-11]],"c":true},"ix":2},"nm":"Path 1","mn":"ADBE Vector Shape - Group","hd":false,"_render":true},{"ty":"fl","c":{"a":0,"k":[0.9746,0.9802,0.9854,1],"ix":4},"o":{"a":0,"k":100,"ix":5},"r":1,"bm":0,"nm":"Fill 1","mn":"ADBE Vector Graphic - Fill","hd":false,"_render":true},{"ty":"tr","p":{"a":0,"k":[395.357,147.39],"ix":2},"a":{"a":0,"k":[0,0],"ix":1},"s":{"a":0,"k":[100,100],"ix":3},"r":{"a":0,"k":0,"ix":6},"o":{"a":0,"k":100,"ix":7},"sk":{"a":0,"k":0,"ix":4},"sa":{"a":0,"k":0,"ix":5},"nm":"Transform","_render":true}],"nm":"Group 2","np":2,"cix":2,"bm":0,"ix":2,"mn":"ADBE Vector Group","hd":false,"_render":true},{"ty":"tr","p":{"a":0,"k":[395.357,147.39],"ix":2},"a":{"a":0,"k":[395.357,147.39],"ix":1},"s":{"a":0,"k":[100,100],"ix":3},"r":{"a":0,"k":0,"ix":6},"o":{"a":0,"k":100,"ix":7},"sk":{"a":0,"k":0,"ix":4},"sa":{"a":0,"k":0,"ix":5},"nm":"Transform","_render":true}],"nm":"Rectangle 4595","np":2,"cix":2,"bm":0,"ix":1,"mn":"ADBE Vector Group","hd":false,"_render":true},{"ty":"gr","it":[{"ty":"gr","it":[{"ty":"gr","it":[{"ind":0,"ty":"sh","ix":1,"ks":{"a":0,"k":{"i":[[-72.985,-20.5],[70.5,-20.5],[75,-18.485],[75,16],[72.985,20.5],[-70.5,20.5],[-75,18.485],[-75,-16]],"o":[[-70.5,-20.5],[72.985,-20.5],[75,-16],[75,18.485],[70.5,20.5],[-72.985,20.5],[-75,16],[-75,-18.485]],"v":[[-70.5,-20.5],[70.5,-20.5],[75,-16],[75,16],[70.5,20.5],[-70.5,20.5],[-75,16],[-75,-16]],"c":true},"ix":2},"nm":"Path 1","mn":"ADBE Vector Shape - Group","hd":false,"_render":true},{"ty":"fl","c":{"a":0,"k":[0.62,0.62,0.62,1],"ix":4},"o":{"a":0,"k":100,"ix":5},"r":1,"bm":0,"nm":"Fill 1","mn":"ADBE Vector Graphic - Fill","hd":false,"_render":true},{"ty":"tr","p":{"a":0,"k":[394.857,147.39],"ix":2},"a":{"a":0,"k":[0,0],"ix":1},"s":{"a":0,"k":[100,100],"ix":3},"r":{"a":0,"k":0,"ix":6},"o":{"a":0,"k":100,"ix":7},"sk":{"a":0,"k":0,"ix":4},"sa":{"a":0,"k":0,"ix":5},"nm":"Transform","_render":true}],"nm":"Group 1","np":2,"cix":2,"bm":0,"ix":1,"mn":"ADBE Vector Group","hd":false,"_render":true},{"ty":"gr","it":[{"ind":0,"ty":"sh","ix":1,"ks":{"a":0,"k":{"i":[[-73.261,-21],[70.5,-21],[75.5,-18.761],[75.5,16],[73.261,21],[-70.5,21],[-75.5,18.761],[-75.5,-16]],"o":[[-70.5,-21],[73.261,-21],[75.5,-16],[75.5,18.761],[70.5,21],[-73.261,21],[-75.5,16],[-75.5,-18.761]],"v":[[-70.5,-21],[70.5,-21],[75.5,-16],[75.5,16],[70.5,21],[-70.5,21],[-75.5,16],[-75.5,-16]],"c":true},"ix":2},"nm":"Path 1","mn":"ADBE Vector Shape - Group","hd":false,"_render":true},{"ty":"fl","c":{"a":0,"k":[0.62,0.62,0.62,1],"ix":4},"o":{"a":0,"k":100,"ix":5},"r":1,"bm":0,"nm":"Fill 1","mn":"ADBE Vector Graphic - Fill","hd":false,"_render":true},{"ty":"tr","p":{"a":0,"k":[394.857,147.39],"ix":2},"a":{"a":0,"k":[0,0],"ix":1},"s":{"a":0,"k":[100,100],"ix":3},"r":{"a":0,"k":0,"ix":6},"o":{"a":0,"k":100,"ix":7},"sk":{"a":0,"k":0,"ix":4},"sa":{"a":0,"k":0,"ix":5},"nm":"Transform","_render":true}],"nm":"Group 2","np":2,"cix":2,"bm":0,"ix":2,"mn":"ADBE Vector Group","hd":false,"_render":true},{"ty":"tr","p":{"a":0,"k":[394.857,147.39],"ix":2},"a":{"a":0,"k":[394.857,147.39],"ix":1},"s":{"a":0,"k":[100,100],"ix":3},"r":{"a":0,"k":0,"ix":6},"o":{"a":0,"k":100,"ix":7},"sk":{"a":0,"k":0,"ix":4},"sa":{"a":0,"k":0,"ix":5},"nm":"Transform","_render":true}],"nm":"Rectangle 4596-2","np":2,"cix":2,"bm":0,"ix":1,"mn":"ADBE Vector Group","hd":false,"_render":true},{"ty":"tr","p":{"a":0,"k":[394.857,147.39],"ix":2},"a":{"a":0,"k":[394.857,147.39],"ix":1},"s":{"a":0,"k":[100,100],"ix":3},"r":{"a":0,"k":0,"ix":6},"o":{"a":0,"k":41,"ix":7},"sk":{"a":0,"k":0,"ix":4},"sa":{"a":0,"k":0,"ix":5},"nm":"Transform","_render":true}],"nm":"Group 1","np":1,"cix":2,"bm":0,"ix":2,"mn":"ADBE Vector Group","hd":false,"_render":true}],"ip":0,"op":8244,"st":-24,"bm":0,"completed":true},{"ddd":0,"ind":4,"ty":4,"nm":"Layer_1","sr":1,"ks":{"o":{"a":0,"k":32,"ix":11},"r":{"a":0,"k":0,"ix":10},"p":{"a":0,"k":[100,66,0],"ix":2},"a":{"a":0,"k":[410.777,147.586,0],"ix":1},"s":{"a":0,"k":[100,100,100],"ix":6}},"ao":0,"shapes":[{"ty":"gr","it":[{"ind":0,"ty":"sh","ix":1,"ks":{"a":0,"k":{"i":[[-21.466,-3.646],[-20.343999999999998,-3.11],[-22.557,-5.179],[-20.742,-9.491],[-12.472,-14.581],[-8.044,-16.619999999999997],[-1.383,-16.945],[0.748,-15.961],[-3.198,-16.982],[-9.969999999999999,-15.612],[-18.312,-10.511],[-21.532,-7.7909999999999995]],"o":[[-20.274,-3.074],[-21.784,-3.7159999999999997],[-21.942,-8.011],[-18.722,-10.731],[-10.379999999999999,-15.831999999999999],[-3.529,-17.229999999999997],[0.548,-16.071],[-1.137,-16.736],[-7.634,-16.4],[-12.062,-14.361],[-20.332,-9.270999999999999],[-22.145999999999997,-5.042999999999999]],"v":[[-20.202,-3.041],[-20.412,-3.151],[-22.252,-6.631],[-18.722,-10.731],[-12.472,-14.581],[-5.622,-16.891],[0.548,-16.071],[0.748,-15.961],[-5.212,-16.671],[-12.062,-14.361],[-18.312,-10.511],[-21.842,-6.411]],"c":true},"ix":2},"nm":"Path 1","mn":"ADBE Vector Shape - Group","hd":false,"_render":true},{"ind":1,"ty":"sh","ix":2,"ks":{"a":0,"k":{"i":[[4.818,12.139],[4.668,12.078],[3.918,10.569],[12.818,5.089],[13.218,5.309],[5.488,10.069],[4.138,11.629]],"o":[[4.742,12.112],[3.698,11.559],[5.088,9.849],[12.818,5.089],[13.218,5.309],[4.408,10.739],[4.808,12.139]],"v":[[4.818,12.139],[4.598,12.039],[5.088,9.849],[12.818,5.089],[13.218,5.309],[5.488,10.069],[4.808,12.139]],"c":true},"ix":2},"nm":"Path 2","mn":"ADBE Vector Shape - Group","hd":false,"_render":true},{"ind":2,"ty":"sh","ix":3,"ks":{"a":0,"k":{"i":[[13.918,17.029],[13.768,16.968],[13.018,15.459000000000001],[21.918,9.979],[22.318,10.199],[14.588,14.959],[13.238,16.519]],"o":[[13.841999999999999,17.002],[12.798,16.448999999999998],[14.188,14.739],[21.918,9.979],[22.318,10.199],[13.508,15.629],[13.908,17.029]],"v":[[13.918,17.029],[13.698,16.929],[14.188,14.739],[21.918,9.979],[22.318,10.199],[14.588,14.959],[13.908,17.029]],"c":true},"ix":2},"nm":"Path 3","mn":"ADBE Vector Shape - Group","hd":false,"_render":true},{"ind":3,"ty":"sh","ix":4,"ks":{"a":0,"k":{"i":[[-3.302,-13.231],[-3.44,-13.302],[-2.809,-12.509],[-3.7209999999999996,-10.613999999999999],[-10.672,-6.401],[-12.541,-5.543],[-15.183,-5.3870000000000005],[-15.819,-5.592],[-14.033999999999999,-5.0760000000000005],[-11.145,-5.663],[-4.012,-10.041],[-2.774,-11.022],[-2.715,-13]],"o":[[-3.37,-13.268],[-3.044,-13.056999999999999],[-3.187,-11.234],[-4.422,-10.251],[-11.557,-5.877],[-14.363999999999999,-5.301],[-15.882,-5.6290000000000004],[-14.937000000000001,-5.198],[-12.129999999999999,-5.329000000000001],[-10.262,-6.191],[-3.3089999999999997,-10.401],[-2.392,-12.382000000000001],[-3.292,-13.241]],"v":[[-3.302,-13.231],[-3.512,-13.331],[-2.932,-11.981],[-4.422,-10.251],[-10.672,-6.401],[-13.562,-5.421],[-15.942,-5.671],[-15.752,-5.561],[-13.152,-5.211],[-10.262,-6.191],[-4.012,-10.041],[-2.522,-11.771],[-3.292,-13.241]],"c":true},"ix":2},"nm":"Path 4","mn":"ADBE Vector Shape - Group","hd":false,"_render":true},{"ty":"fl","c":{"a":0,"k":[0.1862,0.3865,0.5738,1],"ix":4},"o":{"a":0,"k":100,"ix":5},"r":1,"bm":0,"nm":"Fill 1","mn":"ADBE Vector Graphic - Fill","hd":false,"_render":true},{"ty":"tr","p":{"a":0,"k":[387.019,137.952],"ix":2},"a":{"a":0,"k":[0,0],"ix":1},"s":{"a":0,"k":[100,100],"ix":3},"r":{"a":0,"k":0,"ix":6},"o":{"a":0,"k":100,"ix":7},"sk":{"a":0,"k":0,"ix":4},"sa":{"a":0,"k":0,"ix":5},"nm":"Transform","_render":true}],"nm":"Path 2707","np":5,"cix":2,"bm":0,"ix":1,"mn":"ADBE Vector Group","hd":false,"_render":true},{"ty":"gr","it":[{"ind":0,"ty":"sh","ix":1,"ks":{"a":0,"k":{"i":[[33.715,18.245],[29.485,20.685],[-33.715,-15.815],[-33.715,-20.685]],"o":[[33.715,18.245],[29.485,20.685],[-33.715,-15.815],[-33.715,-20.685]],"v":[[33.715,18.245],[29.485,20.685],[-33.715,-15.815],[-33.715,-20.685]],"c":true},"ix":2},"nm":"Path 1","mn":"ADBE Vector Shape - Group","hd":false,"_render":true},{"ty":"fl","c":{"a":0,"k":[0,0.217,0.42,1],"ix":4},"o":{"a":0,"k":100,"ix":5},"r":1,"bm":0,"nm":"Fill 1","mn":"ADBE Vector Graphic - Fill","hd":false,"_render":true},{"ty":"tr","p":{"a":0,"k":[407.852,126.726],"ix":2},"a":{"a":0,"k":[0,0],"ix":1},"s":{"a":0,"k":[100,100],"ix":3},"r":{"a":0,"k":0,"ix":6},"o":{"a":0,"k":100,"ix":7},"sk":{"a":0,"k":0,"ix":4},"sa":{"a":0,"k":0,"ix":5},"nm":"Transform","_render":true}],"nm":"Path 2706","np":2,"cix":2,"bm":0,"ix":2,"mn":"ADBE Vector Group","hd":false,"_render":true},{"ty":"gr","it":[{"ind":0,"ty":"sh","ix":1,"ks":{"a":0,"k":{"i":[[-16.8,8.48],[-12.58,10.92],[16.8,-6.05],[16.8,-10.92]],"o":[[-16.8,8.48],[-12.58,10.92],[16.8,-6.05],[16.8,-10.92]],"v":[[-16.8,8.48],[-12.58,10.92],[16.8,-6.05],[16.8,-10.92]],"c":true},"ix":2},"nm":"Path 1","mn":"ADBE Vector Shape - Group","hd":false,"_render":true},{"ty":"fl","c":{"a":0,"k":[0.0353,0.1686,0.2941,1],"ix":4},"o":{"a":0,"k":100,"ix":5},"r":1,"bm":0,"nm":"Fill 1","mn":"ADBE Vector Graphic - Fill","hd":false,"_render":true},{"ty":"tr","p":{"a":0,"k":[357.337,116.961],"ix":2},"a":{"a":0,"k":[0,0],"ix":1},"s":{"a":0,"k":[100,100],"ix":3},"r":{"a":0,"k":0,"ix":6},"o":{"a":0,"k":100,"ix":7},"sk":{"a":0,"k":0,"ix":4},"sa":{"a":0,"k":0,"ix":5},"nm":"Transform","_render":true}],"nm":"Path 2705","np":2,"cix":2,"bm":0,"ix":3,"mn":"ADBE Vector Group","hd":false,"_render":true},{"ty":"gr","it":[{"ty":"gr","it":[{"ind":0,"ty":"sh","ix":1,"ks":{"a":0,"k":{"i":[[-25.168,-4.966],[-25.39,-6.061999999999999],[-23.748,-9.466],[-15.478,-14.556],[-11.05,-16.595],[-4.389,-16.919999999999998],[-0.305,-14.019],[-0.6689999999999999,-12.35],[-1.665,-13.719],[-6.535,-15.25],[-13.386,-13.857],[-21.728,-8.756],[-24.494,-6.5969999999999995]],"o":[[-25.358999999999998,-5.492],[-24.948,-7.986],[-21.728,-10.706],[-13.386,-15.806999999999999],[-6.535,-17.205],[-1.0810000000000002,-15.485999999999999],[-0.639,-12.457],[-1.041,-13.059000000000001],[-4.391,-14.965],[-11.05,-14.645],[-15.478,-12.606],[-23.278000000000002,-7.933],[-25.168,-4.976]],"v":[[-25.168,-4.966],[-25.258,-6.606],[-21.728,-10.706],[-15.478,-14.556],[-8.628,-16.866],[-2.458,-16.046],[-0.618,-12.566],[-0.708,-12.246],[-2.458,-14.096],[-8.628,-14.916],[-15.478,-12.606],[-21.728,-8.756],[-25.168,-4.976]],"c":true},"ix":2},"nm":"Path 1","mn":"ADBE Vector Shape - Group","hd":false,"_render":true},{"ind":1,"ty":"sh","ix":2,"ks":{"a":0,"k":{"i":[[1.814,12.010000000000002],[1.622,12.084],[0.9119999999999999,10.594000000000001],[6.174,7.354],[9.812,5.114],[9.812,7.074],[2.082,11.834]],"o":[[1.662,12.094000000000001],[0.6920000000000001,11.584],[2.082,9.874],[6.174,7.354],[9.812,5.114],[9.812,7.074],[1.9449999999999998,11.917]],"v":[[1.692,12.114],[1.592,12.064],[2.082,9.874],[6.174,7.354],[9.812,5.114],[9.812,7.074],[2.082,11.834]],"c":true},"ix":2},"nm":"Path 2","mn":"ADBE Vector Shape - Group","hd":false,"_render":true},{"ind":2,"ty":"sh","ix":3,"ks":{"a":0,"k":{"i":[[10.906,16.903000000000002],[10.712,16.974],[10.002,15.484],[18.902,10.004],[18.902,11.964],[11.172,16.724]],"o":[[10.752,16.984],[9.782,16.474],[11.172,14.764],[18.902,10.004],[18.902,11.964],[11.036000000000001,16.809]],"v":[[10.782,17.004],[10.682,16.954],[11.172,14.764],[18.902,10.004],[18.902,11.964],[11.172,16.724]],"c":true},"ix":2},"nm":"Path 3","mn":"ADBE Vector Shape - Group","hd":false,"_render":true},{"ind":3,"ty":"sh","ix":4,"ks":{"a":0,"k":{"i":[[-19.988,-5.006],[-19.988,-6.886],[-19.636,-5.949000000000001],[-17.46,-5.261],[-14.437,-5.889],[-9.958,-8.666],[-9.928,-8.686],[-7.955,-9.847],[-6.103,-11.398],[-5.938,-10.476],[-5.917,-10.139000000000001],[-6.747000000000001,-8.609],[-13.698,-4.396],[-15.567,-3.538],[-18.374,-3.398],[-19.997,-4.454]],"o":[[-19.988,-5.006],[-19.947,-6.386],[-18.363,-5.383000000000001],[-15.485999999999999,-5.52],[-13.508,-6.476],[-9.958,-8.666],[-8.926,-9.24],[-6.486,-10.861],[-5.938,-12.016],[-5.91,-10.31],[-6.213,-9.229000000000001],[-7.448,-8.246],[-14.583,-3.872],[-17.470000000000002,-3.276],[-19.677999999999997,-3.974],[-19.998,-4.986]],"v":[[-19.988,-5.006],[-19.988,-6.886],[-19.178,-5.746],[-16.578,-5.396],[-13.508,-6.476],[-9.958,-8.666],[-9.928,-8.686],[-7.018,-10.506],[-5.938,-12.016],[-5.938,-10.476],[-5.958,-9.976],[-7.448,-8.246],[-13.698,-4.396],[-16.588,-3.416],[-19.188,-3.766],[-19.998,-4.986]],"c":true},"ix":2},"nm":"Path 4","mn":"ADBE Vector Shape - Group","hd":false,"_render":true},{"ind":4,"ty":"sh","ix":5,"ks":{"a":0,"k":{"i":[[24.782,8.254],[25.502,9.484],[-5.168,-5.896],[-5.168,-7.856]],"o":[[25.572,8.674],[24.682,10.164],[-5.168,-5.896],[-5.168,-7.856]],"v":[[24.782,8.254],[24.682,10.164],[-5.168,-5.896],[-5.168,-7.856]],"c":true},"ix":2},"nm":"Path 5","mn":"ADBE Vector Shape - Group","hd":false,"_render":true},{"ty":"fl","c":{"a":0,"k":[0,0.217,0.42,1],"ix":4},"o":{"a":0,"k":100,"ix":5},"r":1,"bm":0,"nm":"Fill 1","mn":"ADBE Vector Graphic - Fill","hd":false,"_render":true},{"ty":"tr","p":{"a":0,"k":[390.445,138.157],"ix":2},"a":{"a":0,"k":[0,0],"ix":1},"s":{"a":0,"k":[100,100],"ix":3},"r":{"a":0,"k":0,"ix":6},"o":{"a":0,"k":100,"ix":7},"sk":{"a":0,"k":0,"ix":4},"sa":{"a":0,"k":0,"ix":5},"nm":"Transform","_render":true}],"nm":"Path 2704","np":6,"cix":2,"bm":0,"ix":1,"mn":"ADBE Vector Group","hd":false,"_render":true},{"ty":"gr","it":[{"ind":0,"ty":"sh","ix":1,"ks":{"a":0,"k":{"i":[[-6.157,-13.286],[-8.453,-14.010000000000002],[-11.341000000000001,-13.422],[-18.474,-9.047],[-19.715,-8.065],[-19.775,-6.085000000000001],[-17.476000000000003,-5.362],[-14.587,-5.949],[-7.454,-10.327],[-6.216,-11.308]],"o":[[-7.5489999999999995,-13.892],[-10.355,-13.753],[-12.224,-12.897],[-19.178,-8.684000000000001],[-20.103,-6.703],[-18.378999999999998,-5.484],[-15.572000000000001,-5.615],[-13.704,-6.477],[-6.7509999999999994,-10.687],[-5.8340000000000005,-12.668000000000001]],"v":[[-6.734,-13.527],[-9.334,-13.867],[-12.224,-12.897],[-18.474,-9.047],[-19.974,-7.317],[-19.194,-5.847],[-16.594,-5.497],[-13.704,-6.477],[-7.454,-10.327],[-5.964,-12.057]],"c":true},"ix":2},"nm":"Path 1","mn":"ADBE Vector Shape - Group","hd":false,"_render":true},{"ind":1,"ty":"sh","ix":2,"ks":{"a":0,"k":{"i":[[-5.174,-7.947],[14.789,2.793],[25.456000000000003,9.633],[14.436,16.423],[11.928,17.303],[9.996,15.383000000000001],[18.896,9.903],[13.066,6.763],[5.346,11.533],[2.838,12.412999999999998],[0.9060000000000001,10.493],[9.806,5.013],[-9.404,-5.327],[-10.404,-4.717],[-14.838,-2.677],[-21.493,-2.363],[-25.569,-5.255],[-23.754,-9.567],[-15.484,-14.657],[-11.056000000000001,-16.695999999999998],[-4.395,-17.020999999999997],[-0.311,-14.12],[-2.134,-9.817],[-5.164,-7.947]],"o":[[4.806,-2.577],[25.676,8.643],[24.286,10.353],[13.318,17.144],[9.776,16.373],[11.166,14.663],[18.896,9.903],[13.066,6.763],[4.228,12.254],[0.686,11.482999999999999],[2.076,9.773],[9.806,5.013],[-9.404,-5.327],[-12.499,-3.4639999999999995],[-19.352999999999998,-2.078],[-24.796,-3.792],[-24.954,-8.087],[-21.734,-10.807],[-13.392,-15.908],[-6.541,-17.305999999999997],[-1.087,-15.586999999999998],[-0.9339999999999999,-11.297],[-4.164,-8.567],[-5.164,-7.947]],"v":[[-5.174,-7.947],[24.776,8.163],[24.286,10.353],[14.436,16.423],[10.676,16.853],[11.166,14.663],[18.896,9.903],[13.066,6.763],[5.346,11.533],[1.586,11.963],[2.076,9.773],[9.806,5.013],[-9.404,-5.327],[-10.404,-4.717],[-17.264,-2.407],[-23.424,-3.227],[-25.264,-6.707],[-21.734,-10.807],[-15.484,-14.657],[-8.634,-16.967],[-2.464,-16.147],[-0.624,-12.667],[-4.164,-8.567],[-5.164,-7.947]],"c":true},"ix":2},"nm":"Path 2","mn":"ADBE Vector Shape - Group","hd":false,"_render":true},{"ty":"fl","c":{"a":0,"k":[0.0353,0.1686,0.2941,1],"ix":4},"o":{"a":0,"k":100,"ix":5},"r":1,"bm":0,"nm":"Fill 1","mn":"ADBE Vector Graphic - Fill","hd":false,"_render":true},{"ty":"tr","p":{"a":0,"k":[390.451,138.248],"ix":2},"a":{"a":0,"k":[0,0],"ix":1},"s":{"a":0,"k":[100,100],"ix":3},"r":{"a":0,"k":0,"ix":6},"o":{"a":0,"k":100,"ix":7},"sk":{"a":0,"k":0,"ix":4},"sa":{"a":0,"k":0,"ix":5},"nm":"Transform","_render":true}],"nm":"Path 2703","np":3,"cix":2,"bm":0,"ix":2,"mn":"ADBE Vector Group","hd":false,"_render":true},{"ty":"tr","p":{"a":0,"k":[390.451,138.248],"ix":2},"a":{"a":0,"k":[390.451,138.248],"ix":1},"s":{"a":0,"k":[100,100],"ix":3},"r":{"a":0,"k":0,"ix":6},"o":{"a":0,"k":100,"ix":7},"sk":{"a":0,"k":0,"ix":4},"sa":{"a":0,"k":0,"ix":5},"nm":"Transform","_render":true}],"nm":"Group 8281","np":2,"cix":2,"bm":0,"ix":4,"mn":"ADBE Vector Group","hd":false,"_render":true},{"ty":"gr","it":[{"ind":0,"ty":"sh","ix":1,"ks":{"a":0,"k":{"i":[[33.71,5.955],[33.71,32.975],[-33.71,-5.955],[-33.71,-32.975]],"o":[[33.71,5.955],[33.71,32.975],[-33.71,-5.955],[-33.71,-32.975]],"v":[[33.71,5.955],[33.71,32.975],[-33.71,-5.955],[-33.71,-32.975]],"c":true},"ix":2},"nm":"Path 1","mn":"ADBE Vector Shape - Group","hd":false,"_render":true},{"ty":"fl","c":{"a":0,"k":[0.8,0.8,0.8,1],"ix":4},"o":{"a":0,"k":100,"ix":5},"r":1,"bm":0,"nm":"Fill 1","mn":"ADBE Vector Graphic - Fill","hd":false,"_render":true},{"ty":"tr","p":{"a":0,"k":[374.247,158.416],"ix":2},"a":{"a":0,"k":[0,0],"ix":1},"s":{"a":0,"k":[100,100],"ix":3},"r":{"a":0,"k":0,"ix":6},"o":{"a":0,"k":100,"ix":7},"sk":{"a":0,"k":0,"ix":4},"sa":{"a":0,"k":0,"ix":5},"nm":"Transform","_render":true}],"nm":"Path 2702","np":2,"cix":2,"bm":0,"ix":5,"mn":"ADBE Vector Group","hd":false,"_render":true},{"ty":"gr","it":[{"ind":0,"ty":"sh","ix":1,"ks":{"a":0,"k":{"i":[[-16.805,-3.81],[-16.805,23.21],[16.805,3.81],[16.805,-23.21]],"o":[[-16.805,-3.81],[-16.805,23.21],[16.805,3.81],[16.805,-23.21]],"v":[[-16.805,-3.81],[-16.805,23.21],[16.805,3.81],[16.805,-23.21]],"c":true},"ix":2},"nm":"Path 1","mn":"ADBE Vector Shape - Group","hd":false,"_render":true},{"ty":"fl","c":{"a":0,"k":[0.9,0.9,0.9,1],"ix":4},"o":{"a":0,"k":100,"ix":5},"r":1,"bm":0,"nm":"Fill 1","mn":"ADBE Vector Graphic - Fill","hd":false,"_render":true},{"ty":"tr","p":{"a":0,"k":[424.762,168.181],"ix":2},"a":{"a":0,"k":[0,0],"ix":1},"s":{"a":0,"k":[100,100],"ix":3},"r":{"a":0,"k":0,"ix":6},"o":{"a":0,"k":100,"ix":7},"sk":{"a":0,"k":0,"ix":4},"sa":{"a":0,"k":0,"ix":5},"nm":"Transform","_render":true}],"nm":"Path 2701","np":2,"cix":2,"bm":0,"ix":6,"mn":"ADBE Vector Group","hd":false,"_render":true},{"ty":"gr","it":[{"ind":0,"ty":"sh","ix":1,"ks":{"a":0,"k":{"i":[[-16.915,-29.165],[-50.515,-9.765],[16.905,29.165],[50.515,9.765]],"o":[[-16.915,-29.165],[-50.515,-9.765],[16.905,29.165],[50.515,9.765]],"v":[[-16.915,-29.165],[-50.515,-9.765],[16.905,29.165],[50.515,9.765]],"c":true},"ix":2},"nm":"Path 1","mn":"ADBE Vector Shape - Group","hd":false,"_render":true},{"ty":"fl","c":{"a":0,"k":[0,0.2583,0.5,1],"ix":4},"o":{"a":0,"k":100,"ix":5},"r":1,"bm":0,"nm":"Fill 1","mn":"ADBE Vector Graphic - Fill","hd":false,"_render":true},{"ty":"tr","p":{"a":0,"k":[391.052,135.206],"ix":2},"a":{"a":0,"k":[0,0],"ix":1},"s":{"a":0,"k":[100,100],"ix":3},"r":{"a":0,"k":0,"ix":6},"o":{"a":0,"k":100,"ix":7},"sk":{"a":0,"k":0,"ix":4},"sa":{"a":0,"k":0,"ix":5},"nm":"Transform","_render":true}],"nm":"Path 2700","np":2,"cix":2,"bm":0,"ix":7,"mn":"ADBE Vector Group","hd":false,"_render":true},{"ty":"gr","it":[{"ind":0,"ty":"sh","ix":1,"ks":{"a":0,"k":{"i":[[-16.915,-29.165],[-50.515,-9.765],[16.905,29.165],[50.515,9.765]],"o":[[-16.915,-29.165],[-50.515,-9.765],[16.905,29.165],[50.515,9.765]],"v":[[-16.915,-29.165],[-50.515,-9.765],[16.905,29.165],[50.515,9.765]],"c":true},"ix":2},"nm":"Path 1","mn":"ADBE Vector Shape - Group","hd":false,"_render":true},{"ty":"fl","c":{"a":0,"k":[0.9452,0.9605,0.9748,1],"ix":4},"o":{"a":0,"k":100,"ix":5},"r":1,"bm":0,"nm":"Fill 1","mn":"ADBE Vector Graphic - Fill","hd":false,"_render":true},{"ty":"tr","p":{"a":0,"k":[430.502,132.946],"ix":2},"a":{"a":0,"k":[0,0],"ix":1},"s":{"a":0,"k":[100,100],"ix":3},"r":{"a":0,"k":0,"ix":6},"o":{"a":0,"k":70,"ix":7},"sk":{"a":0,"k":0,"ix":4},"sa":{"a":0,"k":0,"ix":5},"nm":"Transform","_render":true}],"nm":"Path 2699","np":2,"cix":2,"bm":0,"ix":8,"mn":"ADBE Vector Group","hd":false,"_render":true},{"ty":"gr","it":[{"ind":0,"ty":"sh","ix":1,"ks":{"a":0,"k":{"i":[[-16.805,6.45],[-16.795,12.95],[16.805,-6.45],[16.805,-12.95]],"o":[[-16.805,6.45],[-16.795,12.95],[16.805,-6.45],[16.805,-12.95]],"v":[[-16.805,6.45],[-16.795,12.95],[16.805,-6.45],[16.805,-12.95]],"c":true},"ix":2},"nm":"Path 1","mn":"ADBE Vector Shape - Group","hd":false,"_render":true},{"ty":"fl","c":{"a":0,"k":[0.9,0.9,0.9,1],"ix":4},"o":{"a":0,"k":100,"ix":5},"r":1,"bm":0,"nm":"Fill 1","mn":"ADBE Vector Graphic - Fill","hd":false,"_render":true},{"ty":"tr","p":{"a":0,"k":[464.212,155.661],"ix":2},"a":{"a":0,"k":[0,0],"ix":1},"s":{"a":0,"k":[100,100],"ix":3},"r":{"a":0,"k":0,"ix":6},"o":{"a":0,"k":100,"ix":7},"sk":{"a":0,"k":0,"ix":4},"sa":{"a":0,"k":0,"ix":5},"nm":"Transform","_render":true}],"nm":"Path 2698","np":2,"cix":2,"bm":0,"ix":9,"mn":"ADBE Vector Group","hd":false,"_render":true},{"ty":"gr","it":[{"ind":0,"ty":"sh","ix":1,"ks":{"a":0,"k":{"i":[[33.71,16.215],[33.71,22.715],[-33.71,-16.215],[-33.71,-22.715]],"o":[[33.71,16.215],[33.71,22.715],[-33.71,-16.215],[-33.71,-22.715]],"v":[[33.71,16.215],[33.71,22.715],[-33.71,-16.215],[-33.71,-22.715]],"c":true},"ix":2},"nm":"Path 1","mn":"ADBE Vector Shape - Group","hd":false,"_render":true},{"ty":"fl","c":{"a":0,"k":[0.8,0.8,0.8,1],"ix":4},"o":{"a":0,"k":100,"ix":5},"r":1,"bm":0,"nm":"Fill 1","mn":"ADBE Vector Graphic - Fill","hd":false,"_render":true},{"ty":"tr","p":{"a":0,"k":[413.697,145.896],"ix":2},"a":{"a":0,"k":[0,0],"ix":1},"s":{"a":0,"k":[100,100],"ix":3},"r":{"a":0,"k":0,"ix":6},"o":{"a":0,"k":100,"ix":7},"sk":{"a":0,"k":0,"ix":4},"sa":{"a":0,"k":0,"ix":5},"nm":"Transform","_render":true}],"nm":"Path 2697","np":2,"cix":2,"bm":0,"ix":10,"mn":"ADBE Vector Group","hd":false,"_render":true}],"ip":0,"op":8268,"st":0,"bm":0,"completed":true}],"markers":[],"__complete":true}