{
  "project_info": {
    "project_number": "19450904095",
    "project_id": "spillaged-test",
    "storage_bucket": "spillaged-test.appspot.com"
  },
  "client": [
    {
      "client_info": {
        "mobilesdk_app_id": "1:19450904095:android:9250f28c4e3df564231f2a",
        "android_client_info": {
          "package_name": "com.example.spillaged"
        }
      },
      "oauth_client": [],
      "api_key": [
        {
          "current_key": "AIzaSyCcU-aQ2o8ZX5kFVBuCFSyZsb5IHO93PyE"
        }
      ],
      "services": {
        "appinvite_service": {
          "other_platform_oauth_client": []
        }
      }
    }
  ],
  "configuration_version": "1"
}